feature,importance
Age,0.4513274199934451
NumOfProducts,0.3223084172542029
IsActiveMember,0.13674846720645126
GeographyIndex,0.0671186894771671
CreditScore,0.009536486051443813
EstimatedSalary,0.006220885731789526
GenderIndex,0.004666990789838111
Tenure,0.002072643495662184
HasCrCard,0
