feature,importance
GeographyIndex,0.47978164403016543
NumOfProducts,0.4506141924454678
Age,0.026057153050347313
EstimatedSalary,0.025130149057177316
CreditScore,0.010093482190692716
Tenure,0.00435000142968104
GenderIndex,0.002074473720805047
HasCrCard,0.0018989040756633782
IsActiveMember,0
